{"timestamp":5654822100,"fingers":5,"norm_position_y":0.0,"norm_position_z":0.94779384,"norm_position_x":0.5519325}