{"timestamp":3742513301,"fingers":5,"norm_position_y":0.17185725,"norm_position_z":0.80023193,"norm_position_x":0.27035025}