{"timestamp":51443622400,"fingers":5,"norm_position_y":0.069450244,"norm_position_z":0.5181202,"norm_position_x":0.3147762}